DICL ID,Ion_Channel,ABB,Uniport ID,Species,Function_of_compound,Label,IC50 (nM),Ki (nM),EC50 (nM),Kd (nM),Inhibition,pH,Holding_Potential_voltage,TP,Test_species,Source,Test_method,Pubchem_CID,SMILES,PDB_ID
DICL_CP_0313870,Gamma-aminobutyric acid receptor subunit alpha-1/beta-2/gamma-2,γ-GABA-ARs,P14867/P47870/P18507,Homo sapiens (Human),Agonist,2,,,1,,,Not mention,Not mention,Not mention,,34973564,Patch-clamping,119,NCCCC(=O)O,9CRS
DICL_CP_0322768,Gamma-aminobutyric acid receptor subunit alpha-1/beta-2/gamma-2,γ-GABA-ARs,P14867/P47870/P18507,Homo sapiens (Human),Positive Allosteric Modulator,2,,,85,,,pH 7.5,−60 mV,Not mention,Xenopus laevis oocyte,20980155,Patch-clamping,3016,CN1C(=O)CN=C(C2=CC=CC=C2)C2=C1C=CC(Cl)=C2,9CRS
DICL_CP_0356800,Gamma-aminobutyric acid receptor subunit alpha-1/beta-2/gamma-2S,γ-GABA-ARs,P14867/P47870/P18507,Homo sapiens (Human),Competitive Antagonists,1,,,,4610,,pH 7.4,,4 °C,HEK293 cell (Homo sapiens embryonic kidney 293 cell),17377772,Binding assay,3373,CCOC(=O)C1=C2CN(C)C(=O)C3=C(C=CC(F)=C3)N2C=N1,9CRS
DICL_CP_0311988,Gamma-aminobutyric acid receptor subunit alpha-1/beta-2/gamma-2,γ-GABA-ARs,P14867/P18507/P47870,Homo sapiens (Human),Positive Allosteric Modulator,2,,3.9,,,,pH 7.4,,Room Temperature,L(tkÿ) cell,10890169,Binding assay ([3H] Ro15-178),3380,CN1C(=O)CN=C(C2=CC=CC=C2F)C2=CC([N+](=O)[O-])=CC=C21,9CRS
DICL_CP_0321806,Gamma-aminobutyric acid receptor subunit alpha-1/beta-2/gamma-2S ,γ-GABA-ARs,P14867/P47870/P18507,Homo sapiens (Human),Agonist,2,154000,,,,,pH 7.2,−40 mV,20−22 °C ,Sf9 cell,14555180,Patch-clamping,3448,O=C1NOC2=C1CCNC2,9CRS
DICL_CP_0310795,Gamma-aminobutyric acid receptor subunit alpha-1/beta-2/gamma-2,γ-GABA-ARs,P14867/P47870/P18507,Homo sapiens (Human),Agonist,2,,,11220,,,pH 7.4,,4 °C,,25038482,Binding assay ([3H ] muscimol),3765,O=C(O)C1=CCNCC1,9CRS
DICL_CP_0310798,Gamma-aminobutyric acid receptor subunit alpha-1/beta-2/gamma-2,γ-GABA-ARs,P14867/P47870/P18507,Homo sapiens (Human),Agonist,2,,,537,,,pH 7.4,,4 °C,,25038482,Binding assay ([3H ] muscimol),4266,NCC1=CC(=O)NO1,9CRS
DICL_CP_0309254,Gamma-aminobutyric acid receptor subunit alpha-1/beta-2/gamma-2,γ-GABA-ARs,P14867/P47870/P18507,Homo sapiens (Human),Partial Inverse Agonist,1,,3.3,,,,pH 7.4,,4 °C,Xenopus laevis oocyte,8627617,Binding assay,5081,CCOC(=O)C1=C2CN(C)C(=O)C3=C(C=CC(N=[N+]=[N-])=C3)N2C=N1,9CRS
DICL_CP_0319865,Gamma-aminobutyric acid receptor subunit alpha-1/beta-2/gamma-2,γ-GABA-ARs,P14867/P47870/P18507,Homo sapiens (Human),Positive Allosteric Modulator,2,,50,,,,pH 7.4,,37 °C,HEK293 cell (Homo sapiens embryonic kidney 293 cell),15828832,Binding assay ([3H] Ro15-1788),5732,CC1=CC=C(C2=C(CC(=O)N(C)C)N3C=C(C)C=CC3=N2)C=C1,9CRS
DICL_CP_0366741,Gamma-aminobutyric acid receptor subunit alpha-1/beta-2/gamma-2 ,γ-GABA-ARs,P14867/P47870/P18507,Homo sapiens (Human),Inhibitor,1,23000,,,,,pH 7.4,−80 mV,Not mention,,35324073,Patch-clamping,8490,O=[N+]([O-])N1CN([N+](=O)[O-])CN([N+](=O)[O-])C1,9CRS
DICL_CP_0310806,Gamma-aminobutyric acid receptor subunit alpha-1/beta-2/gamma-2,γ-GABA-ARs,P14867/P47870/P18507,Homo sapiens (Human),Agonist,2,,,>316228 ,,,pH 7.4,,4 °C,,25038482,Binding assay ([3H ] muscimol),18496,NC1=NC=C(C(=O)O)C=C1,9CRS
DICL_CP_0381781,Gamma-aminobutyric acid receptor subunit alpha-1/beta-2/gamma-2 ,γ-GABA-ARs,P62813/P63138/P18508,Homo sapiens (Human),Inhibitor,1,,,7500  (in the presence of HCO3- only),,,pH 7.3,−90 mV,Room Temperature,CHO cell (Chinese hamster ovary cell) ,22452286,Patch-clamping,23831,O=S(=O)(O)CCN1CCN(CCO)CC1,9CRS
DICL_CP_0381774,Gamma-aminobutyric acid receptor subunit alpha-1/beta-2/gamma-2,γ-GABA-ARs,P14867/P47870/P18507,Homo sapiens (Human),Inhibitor,1,,,,,78% inhibition at 10 μM,pH 7.3,−70 mV,Not mention,HEK293 cell (Homo sapiens embryonic kidney 293 cell),15363660,Patch-clamping,50287,CN=C(NC#N)NCCSCC1=CSC(N=C(N)N)=N1,9CRS
DICL_CP_0381782,Gamma-aminobutyric acid receptor subunit alpha-1/beta-2/gamma-2L,γ-GABA-ARs,P14867/P47870/P18507,Homo sapiens (Human),Inhibitor,1,15000,,,,,pH 7.5,−60 mV,16 °C,Xenopus laevis oocyte,15451406,Patch-clamping,65064,O=C(O[C@@H]1CC2=C(O)C=C(O)C=C2O[C@@H]1C1=CC(O)=C(O)C(O)=C1)C1=CC(O)=C(O)C(O)=C1,9CRS
DICL_CP_0313801,Gamma-aminobutyric acid receptor subunit alpha-1/beta-2/gamma-2,γ-GABA-ARs,P14867/P18507/P47870,Homo sapiens (Human),Agonist,2,,,76200,,,pH 7.4,−70 mV,21 ± 1 ℃,Xenopus laevis oocyte,26410663,Patch-clamping,72303,C=CCC1=CC=C(O)C(C2=CC=C(O)C(CC=C)=C2)=C1,9CRS
DICL_CP_0322602,Gamma-aminobutyric acid receptor subunit alpha-1/beta-2/gamma-2,γ-GABA-ARs,P14867/P18507/P47870,Homo sapiens (Human),Positive Allosteric Modulator,2,,,160,,,pH 7.4,not mention,Room Temperature,Xenopus laevis oocyte,9016329,Patch-clamping,92786,CC(=O)[C@H]1CC[C@H]2[C@@H]3CC[C@H]4C[C@H](O)CC[C@]4(C)[C@H]3CC[C@]12C,9CRS
DICL_CP_0312382,Gamma-aminobutyric acid receptor subunit alpha-1/beta-2/gamma-2,γ-GABA-ARs,P14867/P47870/P18507,Homo sapiens (Human),Agonist,2,,,24547,,,pH 7.4,,37 °C,tsA-201 Homo sapiens embryonic kidney cell,31117514,Fluorometric Imaging Plate Reader (FLIPR) Membrane Potential Assay,96215,O=C(O)CC1=CN=CN1,9CRS
DICL_CP_0322769,Gamma-aminobutyric acid receptor subunit alpha-1/beta-2/gamma-2,γ-GABA-ARs,P14867/P47870/P18507,Homo sapiens (Human),Allosteric Modulator,1,,,9,,,pH 7.5,−60 mV,Not mention,Xenopus laevis oocyte,20980155,Patch-clamping,104999,CCC1=C2C(=CN=C1C(=O)OC)NC1=CC(OC)=C(OC)C=C12,9CRS
DICL_CP_0332313,Gamma-aminobutyric acid receptor subunit alpha-1/beta-2/gamma-2,γ-GABA-ARs,P14867/P18507/P47870,Homo sapiens (Human),Antagonist,1,349,,,,,pH 7.4,−80 mV,20-22 ℃, HEK293 cell,21664131,Patch-clamping,107896,COC1=CC=C(C2=NN(CCCC(=O)O)C(=N)C=C2)C=C1,9CRS
DICL_CP_0346543,Gamma-aminobutyric acid receptor subunit alpha-1/beta-2/gamma-2,γ-GABA-ARs,P14867/P47870/P18507,Homo sapiens (Human),Antagonist,1,,6.8,,,,Not mention,Not mention,Not mention,,20646926,Patch-clamping,114888,CCOC(=O)C1=C2CN(C)C(=O)C3=C(C=CC(Cl)=C3)N2C=N1,9CRS
DICL_CP_0364464,Gamma-aminobutyric acid receptor subunit alpha-1/beta-2/gamma-2,γ-GABA-ARs,P14867/P18507/P47870,Homo sapiens (Human),Inhibitor,2,>500000,,,,,pH 7.4,,37 °C,tsA201 cell line,20355712,Fluorometric Imaging Plate Reader (FLIPR) Membrane Potential Assay,125520,O=C1C=C(C2CCNCC2)ON1,9CRS
DICL_CP_0312387,Gamma-aminobutyric acid receptor subunit alpha-1/beta-2/gamma-2,γ-GABA-ARs,P14867/P47870/P18507,Homo sapiens (Human),Agonist,2,,,11000,,,pH 7.4,,37 °C,tsA-201 Homo sapiens embryonic kidney cell,31117514,Fluorometric Imaging Plate Reader (FLIPR) Membrane Potential Assay,155246,NC1=NCC(CC(=O)O)N1,9CRS
DICL_CP_0308915,Gamma-aminobutyric acid receptor subunit alpha-1/beta-2/gamma-2,γ-GABA-ARs,P14867/P47870/P18507,Homo sapiens (Human),Activator,2,,,2500,,,pH 7.6,−70 mV,20−22 °C ,Xenopus laevis oocyte,12646036,Patch-clamping,667484,CCOC(=O)C1=CN=CN1[C@H](C)C1=CC=CC=C1,9CRS
DICL_CP_0312391,Gamma-aminobutyric acid receptor subunit alpha-1/beta-2/gamma-2,γ-GABA-ARs,P14867/P47870/P18507,Homo sapiens (Human),Agonist,2,,,12000,,,pH 7.4,,37 °C,tsA-201 Homo sapiens embryonic kidney cell,31117514,Fluorometric Imaging Plate Reader (FLIPR) Membrane Potential Assay,1502074,O=C(O)C[C@H]1CCNC1,9CRS
DICL_CP_0311991,Gamma-aminobutyric acid receptor subunit alpha-1/beta-2/gamma-2,γ-GABA-ARs,P14867/P18507/P47870,Homo sapiens (Human),Agonist,2,,380,,,,pH 7.4,,Room Temperature,L(tkÿ) cell,10890169,Binding assay ([3H] Ro15-178),2991211,O=C(C(=O)N1CCC2=CC=CC=C2C1)C1=CNC2=CC=CC=C12,9CRS
DICL_CP_0381773,Gamma-aminobutyric acid receptor subunit alpha-1/beta-2/gamma-2,γ-GABA-ARs,P14867/P47870/P18507,Homo sapiens (Human),Inhibitor,1,,,,,97% inhibition at 10 μM,pH 7.3,−70 mV,Not mention,HEK293 cell (Homo sapiens embryonic kidney 293 cell),15363660,Patch-clamping,3001055,CN/C(=C\[N+](=O)[O-])NCCSCC1=CC=C(CN(C)C)O1,9CRS
DICL_CP_0309245,Gamma-aminobutyric acid receptor subunit alpha-1/beta-2/gamma-2,γ-GABA-ARs,P14867/P47870/P18507,Homo sapiens (Human),Partial Agonist,2,,3.5,,,,pH 7.4,,4 °C,Sf9 cell,8568803,Binding assay,3033821,CC(C)N1C(=O)C2=C(C3=NOC(C4CC4)=N3)N=CN2C2=CC=CC=C21,9CRS
DICL_CP_0312383,Gamma-aminobutyric acid receptor subunit alpha-1/beta-2/gamma-2,γ-GABA-ARs,P14867/P47870/P18507,Homo sapiens (Human),Agonist,2,,,1800,,,pH 7.4,,37 °C,tsA-201 Homo sapiens embryonic kidney cell,31117514,Fluorometric Imaging Plate Reader (FLIPR) Membrane Potential Assay,5216267,NC1=NC(CC(=O)O)CS1,9CRS
DICL_CP_0381783,Gamma-aminobutyric acid receptor subunit alpha-1/beta-2/gamma-2L,γ-GABA-ARs,P14867/P47870/P18507,Homo sapiens (Human),Inhibitor,1,8000,,,,,pH 7.5,−60 mV,16 °C,Xenopus laevis oocyte,15451406,Patch-clamping,5280443,O=C1C=C(C2=CC=C(O)C=C2)OC2=CC(O)=CC(O)=C12,9CRS
DICL_CP_0381784,Gamma-aminobutyric acid receptor subunit alpha-1/beta-2/gamma-2L,γ-GABA-ARs,P14867/P47870/P18507,Homo sapiens (Human),Inhibitor,1,30000,,,,,pH 7.5,−60 mV,16 °C,Xenopus laevis oocyte,15451406,Patch-clamping,5280961,O=C1C(C2=CC=C(O)C=C2)=COC2=CC(O)=CC(O)=C12,9CRS
DICL_CP_0381776,Gamma-aminobutyric acid receptor subunit alpha-1/beta-2/gamma-2,γ-GABA-ARs,P14867/P47870/P18507,Homo sapiens (Human),Inhibitor,1,,,,,90% inhibition at 10 μM,pH 7.3,−70 mV,Not mention,HEK293 cell (Homo sapiens embryonic kidney 293 cell),15363660,Patch-clamping,5702160,NC(N)=NC1=NC(CSCC/C(N)=N/S(N)(=O)=O)=CS1,9CRS
DICL_CP_0308918,Gamma-aminobutyric acid receptor subunit alpha-1/beta-2/gamma-2,γ-GABA-ARs,P14867/P47870/P18507,Homo sapiens (Human),Activator,2,,,47000,,,pH 7.6,−70 mV,20−22 °C ,Xenopus laevis oocyte,12646036,Patch-clamping,6338045,CCOC(=O)C1=CN=CN1[C@@H](C)C1=CC=CC=C1,9CRS
DICL_CP_0322604,Gamma-aminobutyric acid receptor subunit alpha-1/beta-2/gamma-2,γ-GABA-ARs,P14867/P18507/P47870,Homo sapiens (Human),Positive Allosteric Modulator,2,,,260,,,pH 7.4,not mention,Room Temperature,Xenopus laevis oocyte,9016329,Patch-clamping,6918305,CC(=O)[C@H]1CC[C@H]2[C@@H]3CC[C@H]4C[C@](C)(O)CC[C@]4(C)[C@H]3CC[C@]12C,9CRS
DICL_CP_0309239,Gamma-aminobutyric acid receptor subunit alpha-1/beta-2/gamma-2,γ-GABA-ARs,P14867/P47870/P18507,Homo sapiens (Human),Partial Agonist,2,,0.3,,,,pH 7.4,,4 °C,Sf9 cell,8568803,Binding assay,9800173,O=C(C1=CC=CC=C1)N1CC2=C(C3=NOC(C4CC4)=N3)N=CN2C2=CC=CC=C21,9CRS
DICL_CP_0310805,Gamma-aminobutyric acid receptor subunit alpha-1/beta-2/gamma-2,γ-GABA-ARs,P14867/P47870/P18507,Homo sapiens (Human),Agonist,0,,,>1000000 ,,,pH 7.4,,4 °C,,25038482,Binding assay ([3H ] muscimol),9964149,CC1=CC(N)=NC=C1C(=O)O,9CRS
DICL_CP_0311985,Gamma-aminobutyric acid receptor subunit alpha-1/beta-2/gamma-2,γ-GABA-ARs,P14867/P18507/P47870,Homo sapiens (Human),Agonist,2,,7.3,,,,pH 7.4,,Room Temperature,L(tkÿ) cell,10890169,Binding assay ([3H] Ro15-178),10001229,CN(CC1=CC=CC=C1)C(=O)[C@@H]1CCCN(C(=O)C(=O)C2=CNC3=CC=CC=C23)C1,9CRS
DICL_CP_0381775,Gamma-aminobutyric acid receptor subunit alpha-1/beta-2/gamma-2,γ-GABA-ARs,P14867/P47870/P18507,Homo sapiens (Human),Inhibitor,1,,,,,96% inhibition at 10 μM,pH 7.3,−70 mV,Not mention,HEK293 cell (Homo sapiens embryonic kidney 293 cell),15363660,Patch-clamping,10058807,CN=C(NC#N)NCCCC1=CN=CN1,9CRS
DICL_CP_0310796,Gamma-aminobutyric acid receptor subunit alpha-1/beta-2/gamma-2,γ-GABA-ARs,P14867/P47870/P18507,Homo sapiens (Human),Agonist,1,,,14125,,,pH 7.4,,4 °C,,25038482,Binding assay ([3H ] muscimol),10240915,NC1=NCC(C(=O)O)CN1,9CRS
DICL_CP_0364463,Gamma-aminobutyric acid receptor subunit alpha-1/beta-2/gamma-2,γ-GABA-ARs,P14867/P18507/P47870,Homo sapiens (Human),Inhibitor,1,1800,,,,,pH 7.4,,37 °C,tsA201 cell line,20355712,Fluorometric Imaging Plate Reader (FLIPR) Membrane Potential Assay,10335436,O=C1NOC(C2CCNCC2)=C1CC1=CC=C2C=CC=CC2=C1,9CRS
DICL_CP_0309246,Gamma-aminobutyric acid receptor subunit alpha-1/beta-2/gamma-2,γ-GABA-ARs,P14867/P47870/P18507,Homo sapiens (Human),Partial Agonist,2,,1.7,,,,pH 7.4,,4 °C,Sf9 cell,8568803,Binding assay,10360506,CN(C)C(=O)N1CC2=C(C3=NOC(C4CC4)=N3)N=CN2C2=CC=CC=C21,9CRS
DICL_CP_0321803,Gamma-aminobutyric acid receptor subunit alpha-1/beta-2/gamma-2s,γ-GABA-ARs,P14867/P47870/P18507,Homo sapiens (Human),Agonist,2,,,52500,,,pH 7.4,−70 mV,Room Temperature,Xenopus laevis oocyte,24462176,Patch-clamping,10466989,COC1=CC(CCC2=CC(O)=CC=C2)=CC(O)=C1,9CRS
DICL_CP_0309244,Gamma-aminobutyric acid receptor subunit alpha-1/beta-2/gamma-2,γ-GABA-ARs,P14867/P47870/P18507,Homo sapiens (Human),Partial Agonist,2,,2.7,,,,pH 7.4,,4 °C,Sf9 cell,8568803,Binding assay,10471302,CC(=O)N1CC2=C(C3=NOC(C4CC4)=N3)N=CN2C2=CC=CC=C21,9CRS
DICL_CP_0309241,Gamma-aminobutyric acid receptor subunit alpha-1/beta-2/gamma-2,γ-GABA-ARs,P14867/P47870/P18507,Homo sapiens (Human),Partial Agonist,2,,4.7,,,,pH 7.4,,4 °C,Sf9 cell,8568803,Binding assay,10549310,CC1=C2C(=CC=C1)N1C=NC(C3=NOC(C4CC4)=N3)=C1CN2C(=O)N1CCOCC1,9CRS
DICL_CP_0313790,Gamma-aminobutyric acid receptor subunit alpha-1/beta-2/gamma-2,γ-GABA-ARs,P14867/P18507/P47870,Homo sapiens (Human),Positive Allosteric Modulators,2,,,18,,,pH 7.4,not mention,23.0 ±2.5 °C,Xenopus laevis oocyte,9016330,Patch-clamping,10551982,CC(=O)[C@H]1CC[C@H]2[C@@H]3CC[C@@H]4C[C@@](O)(C#CC5=CC=C(N(C)C)C=C5)CC[C@]4(C)[C@H]3CC[C@]12C,9CRS
DICL_CP_0309243,Gamma-aminobutyric acid receptor subunit alpha-1/beta-2/gamma-2,γ-GABA-ARs,P14867/P47870/P18507,Homo sapiens (Human),Partial Agonist,2,,0.22,,,,pH 7.4,,4 °C,Sf9 cell,8568803,Binding assay,10574465,O=C(N1CCOCC1)N1CC2=C(C3=NOC(C4CC4)=N3)N=CN2C2=C1C=C(Cl)C=C2,9CRS
DICL_CP_0313791,Gamma-aminobutyric acid receptor subunit alpha-1/beta-2/gamma-2,γ-GABA-ARs,P14867/P18507/P47870,Homo sapiens (Human),Positive Allosteric Modulators,2,,,8.2,,,pH 7.4,not mention,23.0 ±2.5 °C,Xenopus laevis oocyte,9016330,Patch-clamping,10599511,CC(=O)C1=CC=C(C#C[C@@]2(O)CC[C@H]3[C@H](CC[C@@H]4[C@@H]3CC[C@]3(C)[C@@H](C(C)=O)CC[C@@H]43)C2)C=C1,9CRS
DICL_CP_0309247,Gamma-aminobutyric acid receptor subunit alpha-1/beta-2/gamma-2,γ-GABA-ARs,P14867/P47870/P18507,Homo sapiens (Human),Partial Agonist,2,,4.5,,,,pH 7.4,,4 °C,Sf9 cell,8568803,Binding assay,10617831,CCNC(=O)N1CC2=C(C3=NOC(C4CC4)=N3)N=CN2C2=CC=CC=C21,9CRS
DICL_CP_0313788,Gamma-aminobutyric acid receptor subunit alpha-1/beta-2/gamma-2,γ-GABA-ARs,P14867/P18507/P47870,Homo sapiens (Human),Positive Allosteric Modulators,2,,,340,,,pH 7.4,not mention,23.0 ±2.5 °C,Xenopus laevis oocyte,9016330,Patch-clamping,10646505,CC(=O)[C@H]1CC[C@H]2[C@@H]3CC[C@@H]4C[C@@](O)(C#CC5=CC=CC=C5O)CC[C@]4(C)[C@H]3CC[C@]12C,9CRS
DICL_CP_0322600,Gamma-aminobutyric acid receptor subunit alpha-1/beta-2/gamma-2,γ-GABA-ARs,P14867/P18507/P47870,Homo sapiens (Human),Positive Allosteric Modulator,0,,,>50000,,,pH 7.4,not mention,Room Temperature,Xenopus laevis oocyte,9016329,Patch-clamping,10667210,CC(=O)[C@H]1CC[C@H]2[C@@H]3CC[C@H]4C[C@@](O)(CN(C)C)CC[C@]4(C)[C@H]3CC[C@]12C,9CRS
DICL_CP_0313789,Gamma-aminobutyric acid receptor subunit alpha-1/beta-2/gamma-2,γ-GABA-ARs,P14867/P18507/P47870,Homo sapiens (Human),Positive Allosteric Modulators,0,,,>1000,,,pH 7.4,not mention,23.0 ±2.5 °C,Xenopus laevis oocyte,9016330,Patch-clamping,10670494,CC(=O)[C@H]1CC[C@H]2[C@@H]3CC[C@@H]4C[C@@](O)(C#CC5=CC=C(O)C=C5)CC[C@]4(C)[C@H]3CC[C@]12C,9CRS
DICL_CP_0313786,Gamma-aminobutyric acid receptor subunit alpha-1/beta-2/gamma-2,γ-GABA-ARs,P14867/P18507/P47870,Homo sapiens (Human),Positive Allosteric Modulators,2,,,31,,,pH 7.4,not mention,23.0 ±2.5 °C,Xenopus laevis oocyte,9016330,Patch-clamping,10765807,CC(=O)[C@H]1CC[C@H]2[C@@H]3CC[C@@H]4C[C@@](O)(C#CC5=CC=C(C=O)C=C5)CC[C@]4(C)[C@H]3CC[C@]12C,9CRS
DICL_CP_0309240,Gamma-aminobutyric acid receptor subunit alpha-1/beta-2/gamma-2,γ-GABA-ARs,P14867/P47870/P18507,Homo sapiens (Human),Partial Agonist,2,,0.17,,,,pH 7.4,,4 °C,Sf9 cell,8568803,Binding assay,10835373,O=C(N1CCOCC1)N1CC2=C(C3=NOC(C4CC4)=N3)N=CN2C2=C1C(F)=CC=C2,9CRS
DICL_CP_0309242,Gamma-aminobutyric acid receptor subunit alpha-1/beta-2/gamma-2,γ-GABA-ARs,P14867/P47870/P18507,Homo sapiens (Human),Partial Agonist,2,,0.3,,,,pH 7.4,,4 °C,Sf9 cell,8568803,Binding assay,10835374,O=C(N1CCOCC1)N1CC2=C(C3=NOC(C4CC4)=N3)N=CN2C2=C1C=C(F)C=C2,9CRS
DICL_CP_0313787,Gamma-aminobutyric acid receptor subunit alpha-1/beta-2/gamma-2,γ-GABA-ARs,P14867/P18507/P47870,Homo sapiens (Human),Positive Allosteric Modulators,0,,,>1000,,,pH 7.4,not mention,23.0 ±2.5 °C,Xenopus laevis oocyte,9016330,Patch-clamping,10836554,CC(=O)[C@H]1CC[C@H]2[C@@H]3CC[C@@H]4C[C@@](O)(C#CC5=CC=C(N)C=C5)CC[C@]4(C)[C@H]3CC[C@]12C,9CRS
DICL_CP_0313785,Gamma-aminobutyric acid receptor subunit alpha-1/beta-2/gamma-2,γ-GABA-ARs,P14867/P18507/P47870,Homo sapiens (Human),Positive Allosteric Modulators,2,,,6.6,,,pH 7.4,not mention,23.0 ±2.5 °C,Xenopus laevis oocyte,9016330,Patch-clamping,10837682,CC(=O)C1=CC=C(C#C[C@@]2(O)CC[C@@]3(C)[C@H](CC[C@@H]4[C@@H]3CC[C@]3(C)[C@@H](C(C)=O)CC[C@@H]43)C2)C=C1,9CRS
DICL_CP_0308909,Gamma-aminobutyric acid receptor subunit alpha-1/beta-2/gamma-2,γ-GABA-ARs,P14867/P47870/P18507,Homo sapiens (Human),Activator,2,,,2000,,,pH 7.6,−70 mV,20−22 °C ,Xenopus laevis oocyte,12646036,Patch-clamping,10859491,C[C@H](C1=CC=CC=C1)N1C=NC=C1C(=O)OCCC1(C)N=N1,9CRS
DICL_CP_0311981,Gamma-aminobutyric acid receptor subunit alpha-1/beta-2/gamma-2,γ-GABA-ARs,P14867/P18507/P47870,Homo sapiens (Human),Agonist,2,,200,,,,pH 7.4,,Room Temperature,L(tkÿ) cell,10890169,Binding assay ([3H] Ro15-178),11055380,O=C(C(=O)N1CC2=CC=CC=C2C1)C1=CNC2=CC=CC=C12,9CRS
DICL_CP_0321802,Gamma-aminobutyric acid receptor subunit alpha-1/beta-2/gamma-2s,γ-GABA-ARs,P14867/P47870/P18507,Homo sapiens (Human),Agonist,2,,,175500,,,pH 7.4,−70 mV,Room Temperature,Xenopus laevis oocyte,24462176,Patch-clamping,11622859,COC1=CC(/C=C\C2=CC(O)=CC=C2)=CC(O)=C1,9CRS
DICL_CP_0322603,Gamma-aminobutyric acid receptor subunit alpha-1/beta-2/gamma-2,γ-GABA-ARs,P14867/P18507/P47870,Homo sapiens (Human),Positive Allosteric Modulator,2,,,150,,,pH 7.4,not mention,Room Temperature,Xenopus laevis oocyte,9016329,Patch-clamping,11793756,CC(=O)[C@H]1CC[C@H]2[C@@H]3CC[C@H]4C[C@@](O)(CN=[N+]=[N-])CC[C@]4(C)[C@H]3CC[C@]12C,9CRS
DICL_CP_0310800,Gamma-aminobutyric acid receptor subunit alpha-1/beta-2/gamma-2,γ-GABA-ARs,P14867/P47870/P18507,Homo sapiens (Human),Partial Agonist,2,,,2630,,,pH 7.4,,4 °C,,25038482,Binding assay ([3H ] muscimol),11819163,NC1=NCC(C(=O)O)CC1,9CRS
DICL_CP_0308912,Gamma-aminobutyric acid receptor subunit alpha-1/beta-2/gamma-2,γ-GABA-ARs,P14867/P47870/P18507,Homo sapiens (Human),Activator,2,,,20000,,,pH 7.6,−70 mV,20−22 °C ,Xenopus laevis oocyte,12646036,Patch-clamping,11833439,C[C@@H](C1=CC=CC=C1)N1C=NC=C1C(=O)OCCC1(C)N=N1,9CRS
DICL_CP_0384768,Gamma-aminobutyric acid receptor subunit alpha-1/beta-2/gamma-2,γ-GABA-ARs,P14867/P47870/P18507,Homo sapiens (Human),Inverse Agonist,1,,746,,,,Not mention,,Not mention,,19962901,Binding assay ([3H] flunitrazepam),15314276,COC1=CC2=C(C=C1)C1=C(O2)C(=O)NC2=CC=CC=[N+]2C1,9CRS
DICL_CP_0311989,Gamma-aminobutyric acid receptor subunit alpha-1/beta-2/gamma-2,γ-GABA-ARs,P14867/P18507/P47870,Homo sapiens (Human),Agonist,2,,77,,,,pH 7.4,,Room Temperature,L(tkÿ) cell,10890169,Binding assay ([3H] Ro15-178),15547888,O=C(C(=O)N1CCCC(C(=O)OCC2=CC=CC=C2)C1)C1=CNC2=CC=CC=C12,9CRS
DICL_CP_0311986,Gamma-aminobutyric acid receptor subunit alpha-1/beta-2/gamma-2,γ-GABA-ARs,P14867/P18507/P47870,Homo sapiens (Human),Agonist,2,,300,,,,pH 7.4,,Room Temperature,L(tkÿ) cell,10890169,Binding assay ([3H] Ro15-178),15547889,O=C(C(=O)N1CCCC(C(=O)NCC2=CC=CC=C2)C1)C1=CNC2=CC=CC=C12,9CRS
DICL_CP_0311987,Gamma-aminobutyric acid receptor subunit alpha-1/beta-2/gamma-2,γ-GABA-ARs,P14867/P18507/P47870,Homo sapiens (Human),Agonist,2,,14,,,,pH 7.4,,Room Temperature,L(tkÿ) cell,10890169,Binding assay ([3H] Ro15-178),15547890,CN(CC1=CC=CC=C1)C(=O)C1CCCN(C(=O)C(=O)C2=CNC3=CC=CC=C23)C1,9CRS
DICL_CP_0311984,Gamma-aminobutyric acid receptor subunit alpha-1/beta-2/gamma-2,γ-GABA-ARs,P14867/P18507/P47870,Homo sapiens (Human),Agonist,2,,140,,,,pH 7.4,,Room Temperature,L(tkÿ) cell,10890169,Binding assay ([3H] Ro15-178),15547891,CN(CC1=CC=CC=C1)C(=O)[C@H]1CCCN(C(=O)C(=O)C2=CNC3=CC=CC=C23)C1,9CRS
DICL_CP_0364462,Gamma-aminobutyric acid receptor subunit alpha-1/beta-2/gamma-2,γ-GABA-ARs,P14867/P18507/P47870,Homo sapiens (Human),Inhibitor,1,78,,,,,pH 7.4,,37 °C,tsA201 cell line,20355712,Fluorometric Imaging Plate Reader (FLIPR) Membrane Potential Assay,16203494,O=C1NOC(C2CCNCC2)=C1C1=CC=CC(C2=CC=CC=C2)=C1,9CRS
DICL_CP_0311993,Gamma-aminobutyric acid receptor subunit alpha-1/beta-2/gamma-2,γ-GABA-ARs,P14867/P18507/P47870,Homo sapiens (Human),Agonist,2,,880,,,,pH 7.4,,Room Temperature,L(tkÿ) cell,10890169,Binding assay ([3H] Ro15-178),18554034,CCOC(=O)C1CCCN(C(=O)C(=O)C2=CNC3=CC=CC=C23)C1,9CRS
DICL_CP_0322601,Gamma-aminobutyric acid receptor subunit alpha-1/beta-2/gamma-2,γ-GABA-ARs,P14867/P18507/P47870,Homo sapiens (Human),Positive Allosteric Modulator,2,,,390,,,pH 7.4,not mention,Room Temperature,Xenopus laevis oocyte,9016329,Patch-clamping,21125959,CC(=O)[C@H]1CC[C@H]2[C@@H]3CC[C@H]4C[C@@](O)(C(F)(F)F)CC[C@]4(C)[C@H]3CC[C@]12C,9CRS
DICL_CP_0310802,Gamma-aminobutyric acid receptor subunit alpha-1/beta-2/gamma-2,γ-GABA-ARs,P14867/P47870/P18507,Homo sapiens (Human),Agonist,0,,,>1000000 ,,,pH 7.4,,4 °C,,25038482,Binding assay ([3H ] muscimol),22019116,CCC1=C(C(=O)O)C=CC(N)=N1,9CRS
DICL_CP_0321788,Gamma-aminobutyric acid receptor subunit alpha-1/beta-2/gamma-2,γ-GABA-ARs,P14867/P47870/P18507,Homo sapiens (Human),partial agonist,0,,,>1000000 ,,,pH 7.35,−60 mV,20−22 °C ,Xenopus laevis oocyte,17655213,Patch-clamping,22359367,CC1=C(CC(=O)O)N=CN1,9CRS
DICL_CP_0322767,Gamma-aminobutyric acid receptor subunit alpha-1/beta-2/gamma-2,γ-GABA-ARs,P14867/P47870/P18507,Homo sapiens (Human),Allosteric Modulator,1,,,389,,,pH 7.5,−60 mV,Not mention,Xenopus laevis oocyte,20980155,Patch-clamping,23629997,CCCNC(=O)C1=NN=C2C(C3=CC(C(=O)N4CCC4)=CN=C3)=CC=CC2=C1N,9CRS
DICL_CP_0311983,Gamma-aminobutyric acid receptor subunit alpha-1/beta-2/gamma-2,γ-GABA-ARs,P14867/P18507/P47870,Homo sapiens (Human),Agonist,2,,890,,,,pH 7.4,,Room Temperature,L(tkÿ) cell,10890169,Binding assay ([3H] Ro15-178),44278384,CCOC(=O)CC1CCCN1C(=O)C(=O)C1=CNC2=CC=CC=C12,9CRS
DICL_CP_0311994,Gamma-aminobutyric acid receptor subunit alpha-1/beta-2/gamma-2,γ-GABA-ARs,P14867/P18507/P47870,Homo sapiens (Human),Agonist,2,,460,,,,pH 7.4,,Room Temperature,L(tkÿ) cell,10890169,Binding assay ([3H] Ro15-178),44278572,CCOC(=O)CC1CCCN1C(=O)C(=O)C1=CNC2=C(OC)C=CC=C12,9CRS
DICL_CP_0311995,Gamma-aminobutyric acid receptor subunit alpha-1/beta-2/gamma-2,γ-GABA-ARs,P14867/P18507/P47870,Homo sapiens (Human),Agonist,2,,510,,,,pH 7.4,,Room Temperature,L(tkÿ) cell,10890169,Binding assay ([3H] Ro15-178),44278573,CCOC(=O)CC1CCCN1C(=O)C(=O)C1=CNC2=C(C)C=CC=C12,9CRS
DICL_CP_0311990,Gamma-aminobutyric acid receptor subunit alpha-1/beta-2/gamma-2,γ-GABA-ARs,P14867/P18507/P47870,Homo sapiens (Human),Agonist,2,,440,,,,pH 7.4,,Room Temperature,L(tkÿ) cell,10890169,Binding assay ([3H] Ro15-178),44278620,O=C(C(=O)N1CCCC1CC1=CC=CC=C1)C1=CNC2=CC=CC=C12,9CRS
DICL_CP_0311992,Gamma-aminobutyric acid receptor subunit alpha-1/beta-2/gamma-2,γ-GABA-ARs,P14867/P18507/P47870,Homo sapiens (Human),Agonist,2,,14,,,,pH 7.4,,Room Temperature,L(tkÿ) cell,10890169,Binding assay ([3H] Ro15-178),44278689,CCOC(=O)[C@@H]1C[C@H](C(=O)OCC)CN(C(=O)C(=O)C2=CNC3=CC=CC=C23)C1,9CRS
DICL_CP_0311982,Gamma-aminobutyric acid receptor subunit alpha-1/beta-2/gamma-2,γ-GABA-ARs,P14867/P18507/P47870,Homo sapiens (Human),Agonist,2,,400,,,,pH 7.4,,Room Temperature,L(tkÿ) cell,10890169,Binding assay ([3H] Ro15-178),44278727,CCOC(=O)[C@@H]1C[C@@H](C(=O)OCC)CN(C(=O)C(=O)C2=CNC3=CC=CC=C23)C1,9CRS
DICL_CP_0364465,Gamma-aminobutyric acid receptor subunit alpha-1/beta-2/gamma-2,γ-GABA-ARs,P14867/P18507/P47870,Homo sapiens (Human),Inhibitor,0,>500000,,,,,pH 7.4,,37 °C,tsA201 cell line,20355712,Fluorometric Imaging Plate Reader (FLIPR) Membrane Potential Assay,46203882,ON1C=C(C2CCNCC2)C=N1,9CRS
DICL_CP_0364461,Gamma-aminobutyric acid receptor subunit alpha-1/beta-2/gamma-2,γ-GABA-ARs,P14867/P18507/P47870,Homo sapiens (Human),Inhibitor,1,790,,,,,pH 7.4,,37 °C,tsA201 cell line,20355712,Fluorometric Imaging Plate Reader (FLIPR) Membrane Potential Assay,46203883,ON1N=CC(C2CCNCC2)=C1CC1=CC=C2C=CC=CC2=C1,9CRS
DICL_CP_0364460,Gamma-aminobutyric acid receptor subunit alpha-1/beta-2/gamma-2,γ-GABA-ARs,P14867/P18507/P47870,Homo sapiens (Human),Inhibitor,1,480,,,,,pH 7.4,,37 °C,tsA201 cell line,20355712,Fluorometric Imaging Plate Reader (FLIPR) Membrane Potential Assay,46204219,ON1N=CC(C2CCNCC2)=C1CC1=CC=C2C=CC=CC2=C1Br,9CRS
DICL_CP_0364459,Gamma-aminobutyric acid receptor subunit alpha-1/beta-2/gamma-2,γ-GABA-ARs,P14867/P18507/P47870,Homo sapiens (Human),Inhibitor,1,150,,,,,pH 7.4,,37 °C,tsA201 cell line,20355712,Fluorometric Imaging Plate Reader (FLIPR) Membrane Potential Assay,46204220,ON1N=CC(C2CCNCC2)=C1C1=CC=CC=C1,9CRS
DICL_CP_0364458,Gamma-aminobutyric acid receptor subunit alpha-1/beta-2/gamma-2,γ-GABA-ARs,P14867/P18507/P47870,Homo sapiens (Human),Inhibitor,1,24,,,,,pH 7.4,,37 °C,tsA201 cell line,20355712,Fluorometric Imaging Plate Reader (FLIPR) Membrane Potential Assay,46204221,ON1N=CC(C2CCNCC2)=C1C1=CC=CC(C2=CC=CC=C2)=C1,9CRS
DICL_CP_0364457,Gamma-aminobutyric acid receptor subunit alpha-1/beta-2/gamma-2,γ-GABA-ARs,P14867/P18507/P47870,Homo sapiens (Human),Inhibitor,0,66000,,,,,pH 7.4,,37 °C,tsA201 cell line,20355712,Fluorometric Imaging Plate Reader (FLIPR) Membrane Potential Assay,46204222,CC1=NN(O)C=C1C1CCNCC1,9CRS
DICL_CP_0364456,Gamma-aminobutyric acid receptor subunit alpha-1/beta-2/gamma-2,γ-GABA-ARs,P14867/P18507/P47870,Homo sapiens (Human),Inhibitor,1,1900,,,,,pH 7.4,,37 °C,tsA201 cell line,20355712,Fluorometric Imaging Plate Reader (FLIPR) Membrane Potential Assay,46204223,ON1C=C(C2CCNCC2)C(C2=CC=CC=C2)=N1,9CRS
DICL_CP_0364455,Gamma-aminobutyric acid receptor subunit alpha-1/beta-2/gamma-2,γ-GABA-ARs,P14867/P18507/P47870,Homo sapiens (Human),Inhibitor,1,2600,,,,,pH 7.4,,37 °C,tsA201 cell line,20355712,Fluorometric Imaging Plate Reader (FLIPR) Membrane Potential Assay,46204224,CC1=CC=CC=C1C1=NN(O)C=C1C1CCNCC1,9CRS
DICL_CP_0364454,Gamma-aminobutyric acid receptor subunit alpha-1/beta-2/gamma-2,γ-GABA-ARs,P14867/P18507/P47870,Homo sapiens (Human),Inhibitor,1,1900,,,,,pH 7.4,,37 °C,tsA201 cell line,20355712,Fluorometric Imaging Plate Reader (FLIPR) Membrane Potential Assay,46204225,CC1=CC=CC(C2=NN(O)C=C2C2CCNCC2)=C1,9CRS
DICL_CP_0364453,Gamma-aminobutyric acid receptor subunit alpha-1/beta-2/gamma-2,γ-GABA-ARs,P14867/P18507/P47870,Homo sapiens (Human),Inhibitor,1,1400,,,,,pH 7.4,,37 °C,tsA201 cell line,20355712,Fluorometric Imaging Plate Reader (FLIPR) Membrane Potential Assay,46204226,CC1=CC=C(C2=NN(O)C=C2C2CCNCC2)C=C1,9CRS
DICL_CP_0364452,Gamma-aminobutyric acid receptor subunit alpha-1/beta-2/gamma-2,γ-GABA-ARs,P14867/P18507/P47870,Homo sapiens (Human),Inhibitor,1,210,,,,,pH 7.4,,37 °C,tsA201 cell line,20355712,Fluorometric Imaging Plate Reader (FLIPR) Membrane Potential Assay,46204227,ON1C=C(C2CCNCC2)C(C2=CC=CC(C3=CC=CC=C3)=C2)=N1,9CRS
DICL_CP_0364451,Gamma-aminobutyric acid receptor subunit alpha-1/beta-2/gamma-2,γ-GABA-ARs,P14867/P18507/P47870,Homo sapiens (Human),Inhibitor,1,1400,,,,,pH 7.4,,37 °C,tsA201 cell line,20355712,Fluorometric Imaging Plate Reader (FLIPR) Membrane Potential Assay,46204537,ON1C=C(C2CCNCC2)C(C2=CC=C(C3=CC=CC=C3)C=C2)=N1,9CRS
DICL_CP_0364450,Gamma-aminobutyric acid receptor subunit alpha-1/beta-2/gamma-2,γ-GABA-ARs,P14867/P18507/P47870,Homo sapiens (Human),Inhibitor,1,8300,,,,,pH 7.4,,37 °C,tsA201 cell line,20355712,Fluorometric Imaging Plate Reader (FLIPR) Membrane Potential Assay,46204538,ON1C=C(C2CCNCC2)C(CC2=CC=CC=C2)=N1,9CRS
DICL_CP_0364449,Gamma-aminobutyric acid receptor subunit alpha-1/beta-2/gamma-2,γ-GABA-ARs,P14867/P18507/P47870,Homo sapiens (Human),Inhibitor,1,170,,,,,pH 7.4,,37 °C,tsA201 cell line,20355712,Fluorometric Imaging Plate Reader (FLIPR) Membrane Potential Assay,46204539,ON1C=C(C2CCNCC2)C(CC2=CC=C3C=CC=CC3=C2)=N1,9CRS
DICL_CP_0364448,Gamma-aminobutyric acid receptor subunit alpha-1/beta-2/gamma-2,γ-GABA-ARs,P14867/P18507/P47870,Homo sapiens (Human),Inhibitor,1,3200,,,,,pH 7.4,,37 °C,tsA201 cell line,20355712,Fluorometric Imaging Plate Reader (FLIPR) Membrane Potential Assay,46204540,ON1N=C(C2=CC=CC=C2)C(C2CCNCC2)=C1CC1=CC=C2C=CC=CC2=C1,9CRS
DICL_CP_0332310,Gamma-aminobutyric acid receptor subunit alpha-1/beta-2/gamma-2,γ-GABA-ARs,P14867/P18507/P47870,Homo sapiens (Human),Antagonist,1,11,,,,,pH 7.4,−80 mV,20-22 ℃, HEK293 cell,21664131,Patch-clamping,53357337,N=C1C=CC(C2=CC=C(OCC3=CC=CC=C3)C=C2)=NN1CCCC(=O)O,9CRS
DICL_CP_0332311,Gamma-aminobutyric acid receptor subunit alpha-1/beta-2/gamma-2,γ-GABA-ARs,P14867/P18507/P47870,Homo sapiens (Human),Antagonist,1,7,,,,,pH 7.4,−80 mV,20-22 ℃, HEK293 cell,21664131,Patch-clamping,53357339,COC1=CC=CC(COC2=CC=C(C3=NN(CCCC(=O)O)C(=N)C=C3)C=C2)=C1,9CRS
DICL_CP_0332314,Gamma-aminobutyric acid receptor subunit alpha-1/beta-2/gamma-2,γ-GABA-ARs,P14867/P18507/P47870,Homo sapiens (Human),Antagonist,1,3,,,,,pH 7.4,−80 mV,20-22 ℃, HEK293 cell,21664131,Patch-clamping,53357341,N=C1C=CC(C2=CC=C(OCC3=CC=CC([N+](=O)[O-])=C3)C=C2)=NN1CCCC(=O)O,9CRS
DICL_CP_0313792,Gamma-aminobutyric acid receptor subunit alpha-1/beta-2/gamma-2,γ-GABA-ARs,P14867/P18507/P47870,Homo sapiens (Human),Agonist,2,,,5300,,,pH 7.4,−70 mV,21 ± 1 ℃,Xenopus laevis oocyte,26410663,Patch-clamping,53392951,C=CCC1=CC(NC(C)=O)=C(O)C(C2=CC=C(OC)C(CC=C)=C2)=C1,9CRS
DICL_CP_0332312,Gamma-aminobutyric acid receptor subunit alpha-1/beta-2/gamma-2,γ-GABA-ARs,P14867/P18507/P47870,Homo sapiens (Human),Antagonist,1,40,,,,,pH 7.4,−80 mV,20-22 ℃, HEK293 cell,21664131,Patch-clamping,56669888,C#CCOC1=CC=C(C2=NN(CCCC(=O)O)C(=N)C=C2)C=C1,9CRS
DICL_CP_0312390,Gamma-aminobutyric acid receptor subunit alpha-1/beta-2/gamma-2,γ-GABA-ARs,P14867/P47870/P18507,Homo sapiens (Human),Agonist,2,,,7600,,,pH 7.4,,37 °C,tsA-201 Homo sapiens embryonic kidney cell,31117514,Fluorometric Imaging Plate Reader (FLIPR) Membrane Potential Assay,67642717,O=C(O)CC1CN=CN1,9CRS
DICL_CP_0310804,Gamma-aminobutyric acid receptor subunit alpha-1/beta-2/gamma-2,γ-GABA-ARs,P14867/P47870/P18507,Homo sapiens (Human),Agonist,0,,,>1000000 ,,,pH 7.4,,4 °C,,25038482,Binding assay ([3H ] muscimol),68419998,CCC1=CC(N)=NC=C1C(=O)O,9CRS
DICL_CP_0321108,Gamma-aminobutyric acid receptor subunit alpha-1/beta-2/gamma-2,γ-GABA-ARs,P14867/P47870/P18507,Homo sapiens (Human),Agonist,2,,,29000,,,pH 7.4,,37 °C ,tsA-201 Homo sapiens embryonic kidney cell,23294161,Fluorometric Imaging Plate Reader (FLIPR) Membrane Potential Assay,71561429,NCC1=C(Cl)N(O)N=C1,9CRS
DICL_CP_0321103,Gamma-aminobutyric acid receptor subunit alpha-1/beta-2/gamma-2,γ-GABA-ARs,P14867/P47870/P18507,Homo sapiens (Human),Agonist,0,,,>500000 ,,,pH 7.4,,37 °C ,tsA-201 Homo sapiens embryonic kidney cell,23294161,Fluorometric Imaging Plate Reader (FLIPR) Membrane Potential Assay,71561435,NCC1=CN(O)N=C1I,9CRS
DICL_CP_0321107,Gamma-aminobutyric acid receptor subunit alpha-1/beta-2/gamma-2,γ-GABA-ARs,P14867/P47870/P18507,Homo sapiens (Human),Agonist,0,,,>500000 ,,,pH 7.4,,37 °C ,tsA-201 Homo sapiens embryonic kidney cell,23294161,Fluorometric Imaging Plate Reader (FLIPR) Membrane Potential Assay,71561439,CCC1=NN(O)C=C1CN,9CRS
DICL_CP_0321104,Gamma-aminobutyric acid receptor subunit alpha-1/beta-2/gamma-2,γ-GABA-ARs,P14867/P47870/P18507,Homo sapiens (Human),Agonist,0,,,>500000 ,,,pH 7.4,,37 °C ,tsA-201 Homo sapiens embryonic kidney cell,23294161,Fluorometric Imaging Plate Reader (FLIPR) Membrane Potential Assay,71561443,NCC1=CN(O)N=C1C1=CC=CC=C1,9CRS
DICL_CP_0321110,Gamma-aminobutyric acid receptor subunit alpha-1/beta-2/gamma-2,γ-GABA-ARs,P14867/P47870/P18507,Homo sapiens (Human),Agonist,0,,,>300000 ,,,pH 7.4,,37 °C ,tsA-201 Homo sapiens embryonic kidney cell,23294161,Fluorometric Imaging Plate Reader (FLIPR) Membrane Potential Assay,71561568,NCC1=CN(O)N=C1C1=CC=C(C2=CC=CC=C2)C=C1,9CRS
DICL_CP_0321106,Gamma-aminobutyric acid receptor subunit alpha-1/beta-2/gamma-2,γ-GABA-ARs,P14867/P47870/P18507,Homo sapiens (Human),Agonist,2,,,13000,,,pH 7.4,,37 °C ,tsA-201 Homo sapiens embryonic kidney cell,23294161,Fluorometric Imaging Plate Reader (FLIPR) Membrane Potential Assay,71582755,NCC1=CN(O)N=C1,9CRS
DICL_CP_0321790,Gamma-aminobutyric acid receptor subunit alpha-1/beta-2/gamma-2,γ-GABA-ARs,P14867/P47870/P18507,Homo sapiens (Human),Agonist,0,,,>10000 ,,,pH 7.3,−60 mV,20−22 °C,HEK293 cell (Homo sapiens embryonic kidney 293 cell),23294161,Patch-clamping,71717372,CC1=C(CN)C=NN1O,9CRS
DICL_CP_0321109,Gamma-aminobutyric acid receptor subunit alpha-1/beta-2/gamma-2,γ-GABA-ARs,P14867/P47870/P18507,Homo sapiens (Human),Agonist,0,,,>500000 ,,,pH 7.4,,37 °C ,tsA-201 Homo sapiens embryonic kidney cell,23294161,Fluorometric Imaging Plate Reader (FLIPR) Membrane Potential Assay,71719189,NCC1=CN(O)N=C1C1=CC=CC(C2=CC=CC=C2)=C1,9CRS
DICL_CP_0400359,Gamma-aminobutyric acid receptor subunit alpha-1/beta-2/gamma-2,γ-GABA-ARs,P14867/P18507/P47870,Homo sapiens (Human),Inhibitor,2,,750,,,,Extracellular solution pH 7.4/Intracellular solution pH 7.2,−80 mV,Room Temperature,HEKA cell,US11261211,Patch-clamping,85470948,C[C@@]1(O)CC[C@H]2[C@H](CC[C@@H]3[C@@H]2CC[C@]2(C)[C@@H](C(=O)CN4N=C5C=CC=CC5=N4)CC[C@@H]32)C1,9CRS
DICL_CP_0400360,Gamma-aminobutyric acid receptor subunit alpha-1/beta-2/gamma-2,γ-GABA-ARs,P14867/P18507/P47870,Homo sapiens (Human),Inhibitor,2,,1500,,,,Extracellular solution pH 7.4/Intracellular solution pH 7.2,−80 mV,Room Temperature,HEKA cell,US11261211,Patch-clamping,86297807,C[C@@]1(O)CC[C@H]2[C@H](CC[C@@H]3[C@@H]2CC[C@]2(C)[C@@H](C(=O)CN4C=C5N=CC=CC5=N4)CC[C@@H]32)C1,9CRS
DICL_CP_0400362,Gamma-aminobutyric acid receptor subunit alpha-1/beta-2/gamma-2,γ-GABA-ARs,P14867/P18507/P47870,Homo sapiens (Human),Inhibitor,2,,1500,,,,Extracellular solution pH 7.4/Intracellular solution pH 7.2,−80 mV,Room Temperature,HEKA cell,US11261211,Patch-clamping,86298214,C[C@@]1(O)CC[C@H]2[C@H](CC[C@@H]3[C@@H]2CC[C@]2(C)[C@@H](C(=O)CN4N=CC5=C4CCCC5)CC[C@@H]32)C1,9CRS
DICL_CP_0400363,Gamma-aminobutyric acid receptor subunit alpha-1/beta-2/gamma-2,γ-GABA-ARs,P14867/P18507/P47870,Homo sapiens (Human),Inhibitor,2,,1500,,,,Extracellular solution pH 7.4/Intracellular solution pH 7.2,−80 mV,Room Temperature,HEKA cell,US11261211,Patch-clamping,86298422,C[C@@]1(O)CC[C@H]2[C@H](CC[C@@H]3[C@@H]2CC[C@]2(C)[C@@H](C(=O)CN4N=CC5=CC=CC=C54)CC[C@@H]32)C1,9CRS
DICL_CP_0400358,Gamma-aminobutyric acid receptor subunit alpha-1/beta-2/gamma-2,γ-GABA-ARs,P14867/P18507/P47870,Homo sapiens (Human),Inhibitor,2,,750,,,,Extracellular solution pH 7.4/Intracellular solution pH 7.2,−80 mV,Room Temperature,HEKA cell,US11261211,Patch-clamping,86298425,C[C@@]1(O)CC[C@H]2[C@H](CC[C@@H]3[C@@H]2CC[C@]2(C)[C@@H](C(=O)CN4N=NC5=CC=CC=C54)CC[C@@H]32)C1,9CRS
DICL_CP_0400361,Gamma-aminobutyric acid receptor subunit alpha-1/beta-2/gamma-2,γ-GABA-ARs,P14867/P18507/P47870,Homo sapiens (Human),Inhibitor,2,,1500,,,,Extracellular solution pH 7.4/Intracellular solution pH 7.2,−80 mV,Room Temperature,HEKA cell,US11261211,Patch-clamping,86298426,C[C@@]1(O)CC[C@H]2[C@H](CC[C@@H]3[C@@H]2CC[C@]2(C)[C@@H](C(=O)CN4N=CC5=NC=CC=C54)CC[C@@H]32)C1,9CRS
DICL_CP_0399514,Gamma-aminobutyric acid receptor subunit alpha-1/beta-2/gamma-2,γ-GABA-ARs,P14867/P18507/P47870,Homo sapiens (Human),Positive Allosteric Modulator,2,,,10400,,,Not mention,−70 mV,Room Temperature,HEK293 cell,US20240132445,Patch-clamping,86301664,CC(C)C1=CC=CC([C@H](C)C2CC2)=C1O,9CRS
DICL_CP_0326805,Gamma-aminobutyric acid receptor subunit alpha-1/beta-2/gamma-2,γ-GABA-ARs,P14867/P47870/P18507,Homo sapiens (Human),Antagonist,0,10000,,,,,pH 7.4,,37 °C,HEK293 cell (Homo sapiens embryonic kidney 293 cell),34908407,Fluorometric Imaging Plate Reader (FLIPR) Membrane Potential Assay,97407968,CC1=CC=C(C(=O)N2CCC3(CCNCC3)CC2)C=C1,9CRS
DICL_CP_0400603,Gamma-aminobutyric acid receptor subunit alpha-1/beta-2/gamma-2,γ-GABA-ARs,P14867/P18507/P47870,Homo sapiens (Human),Inhibitor,2,,,>2000,,,Extracellular solution pH 7.4/Intracellular solution pH 7.2,−80 mV,19° C-30° C,,US11912737,Patch-clamping,117662152,C[C@@H]1COCCN1CC(=O)[C@H]1CC[C@H]2[C@@H]3CC[C@@H]4C[C@](C)(O)CC[C@@H]4[C@H]3CC[C@]12C,9CRS
DICL_CP_0400602,Gamma-aminobutyric acid receptor subunit alpha-1/beta-2/gamma-2,γ-GABA-ARs,P14867/P18507/P47870,Homo sapiens (Human),Inhibitor,2,,,1500,,,Extracellular solution pH 7.4/Intracellular solution pH 7.2,−80 mV,19° C-30° C,,US11912737,Patch-clamping,117662153,C[C@@H]1CN(CC(=O)[C@H]2CC[C@H]3[C@@H]4CC[C@@H]5C[C@](C)(O)CC[C@@H]5[C@H]4CC[C@]23C)CCO1,9CRS
DICL_CP_0400601,Gamma-aminobutyric acid receptor subunit alpha-1/beta-2/gamma-2,γ-GABA-ARs,P14867/P18507/P47870,Homo sapiens (Human),Inhibitor,2,,,1500,,,Extracellular solution pH 7.4/Intracellular solution pH 7.2,−80 mV,19° C-30° C,,US11912737,Patch-clamping,117662177,C[C@@]1(O)CC[C@H]2[C@H](CC[C@@H]3[C@@H]2CC[C@]2(C)[C@@H](C(=O)CN4CCN(S(C)(=O)=O)CC4)CC[C@@H]32)C1,9CRS
DICL_CP_0310801,Gamma-aminobutyric acid receptor subunit alpha-1/beta-2/gamma-2,γ-GABA-ARs,P14867/P47870/P18507,Homo sapiens (Human),Agonist,0,,,>1000000 ,,,pH 7.4,,4 °C,,25038482,Binding assay ([3H ] muscimol),118710364,CCCCC1=C(C(=O)O)C=CC(N)=N1,9CRS
DICL_CP_0310803,Gamma-aminobutyric acid receptor subunit alpha-1/beta-2/gamma-2,γ-GABA-ARs,P14867/P47870/P18507,Homo sapiens (Human),Agonist,0,,,>1000000 ,,,pH 7.4,,4 °C,,25038482,Binding assay ([3H ] muscimol),118710366,CCCCC1=CC(N)=NC=C1C(=O)O,9CRS
DICL_CP_0310799,Gamma-aminobutyric acid receptor subunit alpha-1/beta-2/gamma-2,γ-GABA-ARs,P14867/P47870/P18507,Homo sapiens (Human),Agonist,0,,,>1000000 ,,,pH 7.4,,4 °C,,25038482,Binding assay ([3H ] muscimol),118710368,CNC1=NCC(C(=O)O)CC1,9CRS
DICL_CP_0326806,Gamma-aminobutyric acid receptor subunit alpha-1/beta-2/gamma-2,γ-GABA-ARs,P14867/P47870/P18507,Homo sapiens (Human),Antagonist,1,5012,,,,,pH 7.4,,37 °C,HEK293 cell (Homo sapiens embryonic kidney 293 cell),34908407,Fluorometric Imaging Plate Reader (FLIPR) Membrane Potential Assay,119047625,CC(=O)NC1=CC=CC(C(=O)N2CCC3(CCNCC3)CC2)=C1,9CRS
DICL_CP_0326807,Gamma-aminobutyric acid receptor subunit alpha-1/beta-2/gamma-2,γ-GABA-ARs,P14867/P47870/P18507,Homo sapiens (Human),Antagonist,1,794,,,,,pH 7.4,,37 °C,HEK293 cell (Homo sapiens embryonic kidney 293 cell),34908407,Fluorometric Imaging Plate Reader (FLIPR) Membrane Potential Assay,119047645,O=C(NC1=CC=CC(C(=O)N2CCC3(CCNCC3)CC2)=C1)C1=CC=CS1,9CRS
DICL_CP_0326804,Gamma-aminobutyric acid receptor subunit alpha-1/beta-2/gamma-2,γ-GABA-ARs,P14867/P47870/P18507,Homo sapiens (Human),Antagonist,1,2188,,,,,pH 7.4,,37 °C,HEK293 cell (Homo sapiens embryonic kidney 293 cell),34908407,Fluorometric Imaging Plate Reader (FLIPR) Membrane Potential Assay,120489128,CC1=CC(C(=O)N2CCC3(CCNCC3)CC2)=CC=C1,9CRS
DICL_CP_0313793,Gamma-aminobutyric acid receptor subunit alpha-1/beta-2/gamma-2,γ-GABA-ARs,P14867/P18507/P47870,Homo sapiens (Human),Agonist,2,,,47600,,,pH 7.4,−70 mV,21 ± 1 ℃,Xenopus laevis oocyte,26410663,Patch-clamping,122189654,C=CCC1=CC=C(OC)C(C2=CC(N)=C(O)C(CC=C)=C2)=C1,9CRS
DICL_CP_0313794,Gamma-aminobutyric acid receptor subunit alpha-1/beta-2/gamma-2,γ-GABA-ARs,P14867/P18507/P47870,Homo sapiens (Human),Agonist,2,,,21500,,,pH 7.4,−70 mV,21 ± 1 ℃,Xenopus laevis oocyte,26410663,Patch-clamping,122189655,C=CCC1=CC=C(OCC)C(C2=CC(N)=C(O)C(CC=C)=C2)=C1,9CRS
DICL_CP_0313795,Gamma-aminobutyric acid receptor subunit alpha-1/beta-2/gamma-2,γ-GABA-ARs,P14867/P18507/P47870,Homo sapiens (Human),Agonist,2,,,15800,,,pH 7.4,−70 mV,21 ± 1 ℃,Xenopus laevis oocyte,26410663,Patch-clamping,122189656,CCCC1=CC=C(OC)C(C2=CC(N)=C(O)C(CCC)=C2)=C1,9CRS
DICL_CP_0313796,Gamma-aminobutyric acid receptor subunit alpha-1/beta-2/gamma-2,γ-GABA-ARs,P14867/P18507/P47870,Homo sapiens (Human),Agonist,2,,,24600,,,pH 7.4,−70 mV,21 ± 1 ℃,Xenopus laevis oocyte,26410663,Patch-clamping,122189657,CCCC1=CC=C(OC)C(C2=CC(CCC)=C(O)C(NC(C)=O)=C2)=C1,9CRS
DICL_CP_0313797,Gamma-aminobutyric acid receptor subunit alpha-1/beta-2/gamma-2,γ-GABA-ARs,P14867/P18507/P47870,Homo sapiens (Human),Agonist,2,,,1800,,,pH 7.4,−70 mV,21 ± 1 ℃,Xenopus laevis oocyte,26410663,Patch-clamping,122189658,CCCC1=CC(NC(C)=O)=C(O)C(C2=CC=C(OCC)C(CCC)=C2)=C1,9CRS
DICL_CP_0313798,Gamma-aminobutyric acid receptor subunit alpha-1/beta-2/gamma-2,γ-GABA-ARs,P14867/P18507/P47870,Homo sapiens (Human),Agonist,2,,,20400,,,pH 7.4,−70 mV,21 ± 1 ℃,Xenopus laevis oocyte,26410663,Patch-clamping,122189659,CCCC1=CC=C(OCC)C(C2=CC(N)=C(O)C(CCC)=C2)=C1,9CRS
DICL_CP_0313799,Gamma-aminobutyric acid receptor subunit alpha-1/beta-2/gamma-2,γ-GABA-ARs,P14867/P18507/P47870,Homo sapiens (Human),Agonist,2,,,14400,,,pH 7.4,−70 mV,21 ± 1 ℃,Xenopus laevis oocyte,26410663,Patch-clamping,122189660,CCCC1=CC(N)=C(O)C(C2=CC=C(OCC)C(CCC)=C2)=C1,9CRS
DICL_CP_0326661,Gamma-aminobutyric acid receptor subunit alpha-1/beta-2/gamma-2,γ-GABA-ARs,P14867/P18507/P47870,Homo sapiens (Human),Antagonist,1,11000,,,,,pH 7.4,,37 °C,tsA201 cell,30763084,Fluorometric Imaging Plate Reader (FLIPR) Membrane Potential (FMP) Blue assay,136219908,N=C1C=CC(C2=CC=C(O)C=C2)=NN1CCCC(=O)O,9CRS
DICL_CP_0322666,Gamma-aminobutyric acid receptor subunit alpha-1/beta-2/gamma-2,γ-GABA-ARs,P14867/P47870/P18507,Homo sapiens (Human),Allosteric Modulator,2,,,>24000 ,,,Not mention,,Not mention,HEK293 cell (Homo sapiens embryonic kidney 293 cell),29146472,Binding assay ([3H] Ro15-1788),139413979,CC(C)[C@@H]1N=C(C2=CC=CC=C2)C2=C(C=CC(Cl)=C2)NC1=S,9CRS
DICL_CP_0380058,Gamma-aminobutyric acid receptor subunit alpha-1/beta-2/gamma-2,γ-GABA-ARs,P14867/P47870/P18507,Homo sapiens (Human),Inhibitor,1,,77,,,,pH 7.4,,4 °C,mammalian cell,29650463,Binding assay ([3H] Ro15-1788),145967848,O=C1C(C2=CC=NN2)=NN=C2C(C3=CC=C(F)C=C3)=CNN12,9CRS
DICL_CP_0380053,Gamma-aminobutyric acid receptor subunit alpha-1/beta-2/gamma-2,γ-GABA-ARs,P14867/P47870/P18507,Homo sapiens (Human),Inhibitor,1,,51,,,,pH 7.4,,4 °C,mammalian cell,29650463,Binding assay ([3H] Ro15-1788),145967852,O=C1C(C2=CC=NN2)=NN=C2C(C3=CN=CC=C3)=CNN12,9CRS
DICL_CP_0380052,Gamma-aminobutyric acid receptor subunit alpha-1/beta-2/gamma-2,γ-GABA-ARs,P14867/P47870/P18507,Homo sapiens (Human),Inhibitor,1,,9.1,,,,pH 7.4,,4 °C,mammalian cell,29650463,Binding assay ([3H] Ro15-1788),145968157,O=C1C(C2=CC=NN2)=NN=C2C(C3=CC=CC=N3)=CNN12,9CRS
DICL_CP_0380056,Gamma-aminobutyric acid receptor subunit alpha-1/beta-2/gamma-2,γ-GABA-ARs,P14867/P47870/P18507,Homo sapiens (Human),Inhibitor,1,,66,,,,pH 7.4,,4 °C,mammalian cell,29650463,Binding assay ([3H] Ro15-1788),145968181,O=C1C(C2=CC=NN2)=NN=C2C(C3=CC(Cl)=CC=C3)=CNN12,9CRS
DICL_CP_0380057,Gamma-aminobutyric acid receptor subunit alpha-1/beta-2/gamma-2,γ-GABA-ARs,P14867/P47870/P18507,Homo sapiens (Human),Inhibitor,1,,100,,,,pH 7.4,,4 °C,mammalian cell,29650463,Binding assay ([3H] Ro15-1788),145968377,O=C1C(C2=CC=NN2)=NN=C2C(C3=CC(F)=CC=C3)=CNN12,9CRS
DICL_CP_0380051,Gamma-aminobutyric acid receptor subunit alpha-1/beta-2/gamma-2,γ-GABA-ARs,P14867/P47870/P18507,Homo sapiens (Human),Inhibitor,1,,6.5,,,,pH 7.4,,4 °C,mammalian cell,29650463,Binding assay ([3H] Ro15-1788),145968639,O=C1C(C2=CC=NN2)=NN=C2C(C3=CC(C(F)(F)F)=CC=C3)=CNN12,9CRS
DICL_CP_0380060,Gamma-aminobutyric acid receptor subunit alpha-1/beta-2/gamma-2,γ-GABA-ARs,P14867/P47870/P18507,Homo sapiens (Human),Inhibitor,1,,420,,,,pH 7.4,,4 °C,mammalian cell,29650463,Binding assay ([3H] Ro15-1788),145968900,O=C1C(C2=CC=NN2)=NN=C2C(C3=CC=CC=C3)=CNN12,9CRS
DICL_CP_0380054,Gamma-aminobutyric acid receptor subunit alpha-1/beta-2/gamma-2,γ-GABA-ARs,P14867/P47870/P18507,Homo sapiens (Human),Inhibitor,1,,285,,,,pH 7.4,,4 °C,mammalian cell,29650463,Binding assay ([3H] Ro15-1788),145969105,O=C1C(C2=CC=NN2)=NN=C2C(C3=CC=CS3)=CNN12,9CRS
DICL_CP_0321799,Gamma-aminobutyric acid receptor subunit alpha-1/beta-2/gamma-2,γ-GABA-ARs,P14867/P47870/P18507,Homo sapiens (Human),Agonist,0,,,>100000 ,,,Not mention,Not mention,Not mention,HEK293 cell (Homo sapiens embryonic kidney 293 cell),29657102,Patch-clamping,145983467,CC(C)(C)OC(=O)NC(C1=CC=CC=C1)C(F)(F)C(=O)C1=CC2=CC=CC=C2C=C1,9CRS
DICL_CP_0380059,Gamma-aminobutyric acid receptor subunit alpha-1/beta-2/gamma-2,γ-GABA-ARs,P14867/P47870/P18507,Homo sapiens (Human),Inhibitor,1,,150,,,,pH 7.4,,4 °C,mammalian cell,29650463,Binding assay ([3H] Ro15-1788),145986805,O=C1C(C2=CC=NN2)=NN=C2C(C3=CC=CC4=CC=CC=C34)=CNN12,9CRS
DICL_CP_0380055,Gamma-aminobutyric acid receptor subunit alpha-1/beta-2/gamma-2,γ-GABA-ARs,P14867/P47870/P18507,Homo sapiens (Human),Inhibitor,1,,21,,,,pH 7.4,,4 °C,mammalian cell,29650463,Binding assay ([3H] Ro15-1788),145988411,O=C1C(C2=CC=NN2)=NN=C2C(C3=CC(Br)=CC=C3)=CNN12,9CRS
DICL_CP_0312377,Gamma-aminobutyric acid receptor subunit alpha-1/beta-2/gamma-2,γ-GABA-ARs,P14867/P47870/P18507,Homo sapiens (Human),Agonist,2,,,9700,,,pH 7.4,,37 °C,tsA-201 Homo sapiens embryonic kidney cell,31117514,Fluorometric Imaging Plate Reader (FLIPR) Membrane Potential Assay,155516242,C[C@@H](C(=O)O)[C@@H]1CSC(N)=N1,9CRS
DICL_CP_0312380,Gamma-aminobutyric acid receptor subunit alpha-1/beta-2/gamma-2,γ-GABA-ARs,P14867/P47870/P18507,Homo sapiens (Human),Agonist,2,,,48000,,,pH 7.4,,37 °C,tsA-201 Homo sapiens embryonic kidney cell,31117514,Fluorometric Imaging Plate Reader (FLIPR) Membrane Potential Assay,155524561,C[C@@H](C(=O)O)[C@H]1CSC(N)=N1,9CRS
DICL_CP_0313867,Gamma-aminobutyric acid receptor subunit alpha-1/beta-2/gamma-2,γ-GABA-ARs,P14867/P47870/P18507,Homo sapiens (Human),Agonist,2,,,"3.08 (in the_x000D_presence of GABA (0.2 µM))",,,Not mention,Not mention,Room Temperature,CHO cell (Chinese hamster ovary cell) ,31708184,Patch-clamping,155530070,O=C1C=C(CC2=CC=C(Cl)C=C2)N=C2N=C(C3=CC=CC=C3)NN12,9CRS
DICL_CP_0312385,Gamma-aminobutyric acid receptor subunit alpha-1/beta-2/gamma-2,γ-GABA-ARs,P14867/P47870/P18507,Homo sapiens (Human),Agonist,2,,,25000,,,pH 7.4,,37 °C,tsA-201 Homo sapiens embryonic kidney cell,31117514,Fluorometric Imaging Plate Reader (FLIPR) Membrane Potential Assay,155530359,CC(C(=O)O)C1CSC(N)=N1,9CRS
DICL_CP_0321800,Gamma-aminobutyric acid receptor subunit alpha-1/beta-2/gamma-2  ,γ-GABA-ARs,P14867/P47870/P18507,Homo sapiens (Human),Agonist,2,,,46300,,,pH 7.4,−50 mV,22–25 °C ,HEK293T cell (Homo sapiens embryonic kidney 293T cell),31539780,Patch-clamping,155539768,COC1=CC(OC)=C(OC)C=C1/C=C/COC(=O)/C=C/C1=C(OC)C(OC)=C(OC)C=C1OC,9CRS
DICL_CP_0313868,Gamma-aminobutyric acid receptor subunit alpha-1/beta-2/gamma-2,γ-GABA-ARs,P14867/P47870/P18507,Homo sapiens (Human),Agonist,2,,,240  (30 µM on GABA),,,Not mention,Not mention,Room Temperature,CHO cell (Chinese hamster ovary cell) ,31708184,Patch-clamping,155550040,CC1=CC=C(C2=NC3=NC(CC4=CC=CC=C4)=CC(=O)N3N2)C=C1,9CRS
DICL_CP_0326662,Gamma-aminobutyric acid receptor subunit alpha-1/beta-2/gamma-2,γ-GABA-ARs,P14867/P18507/P47870,Homo sapiens (Human),Antagonist,1,31623,,,,,pH 7.4,,37 °C,tsA201 cell,30763084,Fluorometric Imaging Plate Reader (FLIPR) Membrane Potential (FMP) Blue assay,155551921,N=C1C=CC(C2=CC=C([N+](=O)[O-])C=C2)=NN1CCCC(=O)O,9CRS
DICL_CP_0312393,Gamma-aminobutyric acid receptor subunit alpha-1/beta-2/gamma-2,γ-GABA-ARs,P14867/P47870/P18507,Homo sapiens (Human),Agonist,2,,,1500,,,pH 7.4,,37 °C,tsA-201 Homo sapiens embryonic kidney cell,31117514,Fluorometric Imaging Plate Reader (FLIPR) Membrane Potential Assay,155553507,NC1=N[C@H](CC(=O)O)CS1,9CRS
DICL_CP_0312395,Gamma-aminobutyric acid receptor subunit alpha-1/beta-2/gamma-2,γ-GABA-ARs,P14867/P47870/P18507,Homo sapiens (Human),Agonist,2,,,12000,,,pH 7.4,,37 °C,tsA-201 Homo sapiens embryonic kidney cell,31117514,Fluorometric Imaging Plate Reader (FLIPR) Membrane Potential Assay,155556567,NC1=N[C@@H](CC(=O)O)CS1,9CRS
DICL_CP_0326651,Gamma-aminobutyric acid receptor subunit alpha-1/beta-2/gamma-2,γ-GABA-ARs,P14867/P18507/P47870,Homo sapiens (Human),Antagonist,1,30000,,,,,pH 7.4,,37 °C,tsA201 cell,30763084,Fluorometric Imaging Plate Reader (FLIPR) Membrane Potential (FMP) Blue assay,155562283,N=C1C=CC(C2=CC(N)=CC=C2)=NN1CCCC(=O)O,9CRS
DICL_CP_0326658,Gamma-aminobutyric acid receptor subunit alpha-1/beta-2/gamma-2,γ-GABA-ARs,P14867/P18507/P47870,Homo sapiens (Human),Antagonist,1,4365,,,,,pH 7.4,,37 °C,tsA201 cell,30763084,Fluorometric Imaging Plate Reader (FLIPR) Membrane Potential (FMP) Blue assay,155566975,N=C1C=CC(C2=CC=CC([N+](=O)[O-])=C2)=NN1CCCC(=O)O,9CRS
DICL_CP_0326654,Gamma-aminobutyric acid receptor subunit alpha-1/beta-2/gamma-2,γ-GABA-ARs,P14867/P18507/P47870,Homo sapiens (Human),Antagonist,1,3900,,,,,pH 7.4,,37 °C,tsA201 cell,30763084,Fluorometric Imaging Plate Reader (FLIPR) Membrane Potential (FMP) Blue assay,155568488,N=C1C=CC(C2=CC=CC(O)=C2)=NN1CCCC(=O)O,9CRS
DICL_CP_0387830,Gamma-aminobutyric acid receptor subunit alpha-1/beta-2/gamma-2,γ-GABA-ARs,P14867/P18507/P47870,Homo sapiens (Human),Positive Allosteric Modulator,0,,,110000,,,Not mention,60 mV,20-25℃,Xenopus laevis oocyte,33214830,Patch-clamping,162648517,CN1CC[C@]2(O)C3=CC=CC=C3N(C)[C@]12C1=CC=CC=C1,9CRS
DICL_CP_0399515,Gamma-aminobutyric acid receptor subunit alpha-1/beta-2/gamma-2,γ-GABA-ARs,P14867/P18507/P47870,Homo sapiens (Human),allosteric regulation,2,,,1556,,,Not mention,−70 mV,Room Temperature,HEK293 cell,US20240132445,Patch-clamping,170547316,CCS(=O)(=O)[C@@H](C)C1=CC=CC([C@H](C)C2CC2)=C1O,9CRS
DICL_CP_0321801,Gamma-aminobutyric acid receptor subunit alpha-1/beta-2/gamma-2s,γ-GABA-ARs,P14867/P47870/P18507,Homo sapiens (Human),Agonist,2,,,20200,,,pH 7.4,−70 mV,Room Temperature,Xenopus laevis oocyte,24462176,Patch-clamping,"14079759",COC1=CC(CCC2=CC(OC)=C(OC)C=C2)=CC(OC)=C1,9CRS
DICL_CP_0321795,Gamma-aminobutyric acid receptor subunit alpha-1/beta-2/gamma-2,γ-GABA-ARs,P14867/P47870/P18507,Homo sapiens (Human),Agonist,0,,,>100000 ,,,Not mention,Not mention,Not mention,HEK293 cell (Homo sapiens embryonic kidney 293 cell),29657102,Patch-clamping,"145982734",O=C(C1=CC=C(Cl)C=C1)C(F)(F)C(NCC1=CC=CC=C1)C1=CC=CC=C1,9CRS
DICL_CP_0321796,Gamma-aminobutyric acid receptor subunit alpha-1/beta-2/gamma-2,γ-GABA-ARs,P14867/P47870/P18507,Homo sapiens (Human),Agonist,0,,,>100000 ,,,Not mention,Not mention,Not mention,HEK293 cell (Homo sapiens embryonic kidney 293 cell),29657102,Patch-clamping,"145985511",O=C(C1=CC2=CC=CC=C2C=C1)C(F)(F)C(NCC1=CC=CC=C1)C1=CC=CC=C1,9CRS
DICL_CP_0321804,Gamma-aminobutyric acid receptor subunit alpha-1/beta-2/gamma-2s,γ-GABA-ARs,P14867/P47870/P18507,Homo sapiens (Human),Agonist,2,,,54500,,,pH 7.4,−70 mV,Room Temperature,Xenopus laevis oocyte,24462176,Patch-clamping,"14663",COC1=CC(OC)=CC(CCC2=CC=C(O)C=C2)=C1,9CRS
DICL_CP_0321798,Gamma-aminobutyric acid receptor subunit alpha-1/beta-2/gamma-2,γ-GABA-ARs,P14867/P47870/P18507,Homo sapiens (Human),Agonist,0,,,>100000 ,,,Not mention,Not mention,Not mention,HEK293 cell (Homo sapiens embryonic kidney 293 cell),29657102,Patch-clamping,"68359209",O=C(C1=CC2=CC=CC=C2C=C1)C(F)(F)C(NS(=O)(=O)C1=CC=CC=C1)C1=CC=CC=C1,9CRS
DICL_CP_0321792,Gamma-aminobutyric acid receptor subunit alpha-1/beta-2/gamma-2,γ-GABA-ARs,P14867/P47870/P18507,Homo sapiens (Human),Agonist,0,,,>100000 ,,,pH 7.3,−60 mV,20−22 °C,HEK293 cell (Homo sapiens embryonic kidney 293 cell),23294161,Patch-clamping,"71561431",NCC1=C(Br)N(O)N=C1,9CRS
DICL_CP_0321794,Gamma-aminobutyric acid receptor subunit alpha-1/beta-2/gamma-2,γ-GABA-ARs,P14867/P47870/P18507,Homo sapiens (Human),Agonist,0,,,>100000 ,,,Not mention,Not mention,Not mention,HEK293 cell (Homo sapiens embryonic kidney 293 cell),29657102,Patch-clamping,"71718024",O=C(C12CC3CC(CC(C3)C1)C2)C(F)(F)C(O)/C=C/C1=CC=CC=C1,9CRS
